Date,PE
2020-09-14,19.67
2020-09-11,19.58
2020-09-10,19.58
2020-09-09,19.91
2020-09-08,19.61
2020-09-04,19.78
2020-09-03,19.72
2020-09-02,20.27
2020-09-01,20.22
2020-08-31,20.3
2020-08-28,20.31
2020-08-27,20.05
2020-08-26,20.05
2020-08-25,19.91
2020-08-24,19.91
2020-08-21,20
2020-08-20,19.54
2020-08-19,19.9
2020-08-18,19.9
2020-08-17,20.12
2020-08-14,20.12
2020-08-13,19.99
2020-08-12,20.07
2020-08-11,19.89
2020-08-10,19.89
2020-08-07,20.29
2020-08-06,20.29
2020-08-05,20.19
2020-08-04,19.93
2020-08-03,19.52
2020-07-31,18.8
2020-07-30,18.49
2020-07-29,18.79
2020-07-28,18.89
2020-07-27,19.11
2020-07-24,18.91
2020-07-23,18.82
2020-07-22,18.79
2020-07-21,19.2
2020-07-20,19.03
2020-07-17,18.92
2020-07-16,18.79
2020-07-15,18.84
2020-07-14,18.71
2020-07-13,18.84
2020-07-10,18.83
2020-07-09,18.79
2020-07-08,18.71
2020-07-07,18.78
2020-07-06,18.86
2020-07-01,18.62
2020-06-30,18.84
2020-06-29,18.71
2020-06-26,18.81
2020-06-25,18.66
2020-06-24,18.9
2020-06-23,18.9
2020-06-22,19.08
2020-06-19,19.32
2020-06-18,19.15
2020-06-17,19.13
2020-06-16,18.99
2020-06-15,19.23
2020-06-12,18.83
2020-06-11,18.88
2020-06-10,19.46
2020-06-09,19.43
2020-06-08,19.55
2020-06-05,19.75
2020-06-04,19.46
2020-06-03,19.5
2020-06-02,19.42
2020-06-01,19.56
2020-05-29,18.66
2020-05-28,18.68
2020-05-27,19.99
2020-05-26,22.82
2020-05-22,22.56
2020-05-21,22.56
2020-05-20,22.85
2020-05-19,22.9
2020-05-18,23.13
2020-05-15,22.39
2020-05-14,22.42
2020-05-13,22.31
2020-05-12,22.79
2020-05-11,22.9
2020-05-08,22.36
2020-05-07,22.3
2020-05-06,22.02
2020-05-05,21.79
2020-05-04,21.79
2020-05-01,21.13
2020-04-30,21.93
2020-04-29,22.39
2020-04-28,22.27
2020-04-27,22.34
2020-04-24,21.72
2020-04-23,23.53
2020-04-22,22.48
2020-04-21,22.43
2020-04-20,22.28
2020-04-17,22.01
2020-04-16,21.84
2020-04-15,22.09
2020-04-14,22.56
2020-04-13,22.31
2020-04-09,22.61
2020-04-08,21.63
2020-04-07,21.45
2020-04-06,20.38
2020-04-03,20.82
2020-04-02,20.22
2020-04-01,20.73
2020-03-31,21.96
2020-03-30,22.21
2020-03-27,22.68
2020-03-26,22.17
2020-03-25,20.93
2020-03-24,19.25
2020-03-23,20.14
2020-03-20,19.23
2020-03-19,19.72
2020-03-18,20.24
2020-03-17,19.91
2020-03-16,20.84
2020-03-13,20.47
2020-03-12,22.04
2020-03-11,23.55
2020-03-10,21.66
2020-03-09,22.69
2020-03-06,22.57
2020-03-05,23.16
2020-03-04,21.83
2020-03-03,22.08
2020-03-02,21.38
2020-02-28,22.39
2020-02-27,22.25
2020-02-26,22.12
2020-02-25,22.38
2020-02-24,22.74
2020-02-21,23.13
2020-02-20,23.78
2020-02-19,23.06
2020-02-18,23.06
2020-02-14,23.12
2020-02-13,23.2
2020-02-12,23.2
2020-02-11,22.21
2020-02-10,22.13
2020-02-07,22.52
2020-02-06,22.52
2020-02-05,22.52
2020-02-04,22.26
2020-02-03,22.39
2020-01-31,22.61
2020-01-30,22.52
2020-01-29,22.73
2020-01-28,22.95
2020-01-27,22.95
2020-01-24,23.01
2020-01-23,22.96
2020-01-22,22.79
2020-01-21,22.95
2020-01-17,22.88
2020-01-16,22.88
2020-01-15,22.9
2020-01-14,22.86
2020-01-13,22.95
2020-01-10,22.8
2020-01-09,22.63
2020-01-08,22.58
2020-01-07,23.29
2020-01-06,23.29
2020-01-03,23.29
2020-01-02,23.3
2019-12-31,23.56
2019-12-30,23.56
2019-12-27,23.73
2019-12-26,23.39
2019-12-24,23.51
2019-12-23,23.64
2019-12-20,23.64
2019-12-19,23.4
2019-12-18,23.4
2019-12-17,23.33
2019-12-16,23.48
2019-12-13,23.48
2019-12-12,23.48
2019-12-11,23.11
2019-12-10,23.35
2019-12-09,23.24
2019-12-06,23.24
2019-12-05,23.18
2019-12-04,22.9
2019-12-03,23.05
2019-12-02,23.16
2019-11-29,22.8
2019-11-27,22.81
2019-11-26,23.23
2019-11-25,23.27
2019-11-22,22.88
2019-11-21,22.88
2019-11-20,22.88
2019-11-19,23
2019-11-18,23.13
2019-11-15,23.13
2019-11-14,23.01
2019-11-13,23.25
2019-11-12,24.21
2019-11-11,24.21
2019-11-08,23.72
2019-11-07,23.72
2019-11-06,23.65
2019-11-05,23.58
2019-11-04,23.35
2019-11-01,23.35
2019-10-31,23.52
2019-10-30,23.56
2019-10-29,23.2
2019-10-28,21.73
2019-10-25,21.73
2019-10-24,21.58
2019-10-23,21.86
2019-10-22,21.43
2019-10-21,21.4
2019-10-18,21.47
2019-10-17,21.64
2019-10-16,21.64
2019-10-15,21.47
2019-10-14,21.8
2019-10-11,21.32
2019-10-10,21.4
2019-10-09,21.6
2019-10-08,21.56
2019-10-07,21.7
2019-10-04,21.7
2019-10-03,21.9
2019-10-02,21.9
2019-10-01,21.63
2019-09-30,22.91
2019-09-27,22.91
2019-09-26,22.69
2019-09-25,22.69
2019-09-24,22.69
2019-09-23,22.9
2019-09-20,22.9
2019-09-19,22.9
2019-09-18,23.01
2019-09-17,23.01
2019-09-16,23.45
2019-09-13,23.32
2019-09-12,23.32
2019-09-11,23.11
2019-09-10,23.22
2019-09-09,22.59
2019-09-06,22.59
2019-09-05,22.59
2019-09-04,22.3
2019-09-03,22.01
2019-08-30,22.1
2019-08-29,21.65
2019-08-28,22.08
2019-08-27,22
2019-08-26,22
2019-08-23,22.35
2019-08-22,22.26
2019-08-21,22.19
2019-08-20,22.14
2019-08-19,22.32
2019-08-16,22.11
2019-08-15,21.83
2019-08-14,21.77
2019-08-13,21.77
2019-08-12,21.77
2019-08-09,22.08
2019-08-08,21.71
2019-08-07,21.54
2019-08-06,21.18
2019-08-05,21.67
2019-08-02,21.1
2019-08-01,21.65
2019-07-31,21.93
2019-07-30,21.93
2019-07-29,21.93
2019-07-26,21.93
2019-07-25,21.93
2019-07-24,21.93
2019-07-23,21.97
2019-07-22,21.97
2019-07-19,22.05
2019-07-18,22.02
2019-07-17,22.02
2019-07-16,22.02
2019-07-15,21.93
2019-07-12,22.15
2019-07-11,22.05
2019-07-10,21.99
2019-07-09,21.73
2019-07-08,21.73
2019-07-05,21.94
2019-07-03,21.94
2019-07-02,21.94
2019-07-01,22.08
2019-06-30,23.18
2019-06-28,23
2019-06-27,23
2019-06-26,22.83
2019-06-25,22.87
2019-06-24,22.8
2019-06-21,22.59
2019-06-20,21.95
2019-06-19,21.95
2019-06-18,21.43
2019-06-17,21.43
2019-06-14,21.43
2019-06-13,21.33
2019-06-12,21.65
2019-06-11,21.65
2019-06-10,21.65
2019-06-07,21.3
2019-06-06,21.41
2019-06-05,21.32
2019-06-04,21.03
2019-06-03,21.03
2019-05-31,21.18
2019-05-30,21.18
2019-05-29,21.12
2019-05-28,21.78
2019-05-24,21.16
2019-05-23,21.57
2019-05-22,21.46
2019-05-21,21.22
2019-05-20,21.28
2019-05-17,21.28
2019-05-16,21.14
2019-05-15,21.09
2019-05-14,20.85
2019-05-13,21.37
2019-05-10,21.32
2019-05-09,21.4
2019-05-08,21.17
2019-05-07,21.14
2019-05-06,21.51
2019-05-03,21.28
2019-05-02,21.25
2019-05-01,21.36
2019-04-30,21.1
2019-04-29,21.36
2019-04-26,20.98
2019-04-25,21.02
2019-04-24,21.15
2019-04-23,21
2019-04-22,21.08
2019-04-18,21.08
2019-04-17,20.95
2019-04-16,21.02
2019-04-15,21.51
2019-04-12,21.33
2019-04-11,21.52
2019-04-10,21.47
2019-04-09,21.38
2019-04-08,21.67
2019-04-05,21.48
2019-04-04,21.54
2019-04-03,21.18
2019-04-02,21.27
2019-04-01,21.2
2019-03-31,20.99
2019-03-29,21.02
2019-03-28,20.93
2019-03-27,20.86
2019-03-26,21.19
2019-03-25,21.38
2019-03-22,21.32
2019-03-21,21.04
2019-03-20,21.04
2019-03-19,21.01
2019-03-18,21.08
2019-03-15,21.01
2019-03-14,21.25
2019-03-13,21.25
2019-03-12,21.45
2019-03-11,22.39
2019-03-08,22.57
2019-03-07,22.95
2019-03-06,22.62
2019-03-05,22.62
2019-03-04,22.62
2019-03-01,22.46
2019-02-28,22.66
2019-02-27,22.66
2019-02-26,22.66
2019-02-25,22.72
2019-02-22,22.59
2019-02-21,22.59
2019-02-20,22.27
2019-02-19,22.43
2019-02-15,22
2019-02-14,21.88
2019-02-13,21.76
2019-02-12,21.67
2019-02-11,21.9
2019-02-08,21.9
2019-02-07,21.9
2019-02-06,22.08
2019-02-05,21.97
2019-02-04,21.76
2019-02-01,22.29
2019-01-31,22.16
2019-01-30,21.81
2019-01-29,21.9
2019-01-28,21.9
2019-01-25,21.51
2019-01-24,21.38
2019-01-23,21.16
2019-01-22,21.41
2019-01-18,21.48
2019-01-17,21.45
2019-01-16,21.01
2019-01-15,21.13
2019-01-14,20.9
2019-01-11,21.35
2019-01-10,21.25
2019-01-09,20.91
2019-01-08,21
2019-01-07,20.69
2019-01-04,20.33
2019-01-03,20.56
2019-01-02,20.46
2018-12-31,20.79
2018-12-28,20.76
2018-12-27,20.62
2018-12-26,20.48
2018-12-24,20.47
2018-12-21,20.42
2018-12-20,20.37
2018-12-19,20.48
2018-12-18,20.66
2018-12-17,20.47
2018-12-14,20.74
2018-12-13,20.7
2018-12-12,20.29
2018-12-11,20.34
2018-12-10,20.62
2018-12-07,20.77
2018-12-06,20.84
2018-12-04,21.29
2018-12-03,21.11
2018-11-30,21.12
2018-11-29,21.14
2018-11-28,20.95
2018-11-27,20.94
2018-11-26,20.63
2018-11-23,20.77
2018-11-21,20.35
2018-11-20,20.77
2018-11-19,20.98
2018-11-16,20.68
2018-11-15,20.76
2018-11-14,20.52
2018-11-13,20.56
2018-11-12,20.47
2018-11-09,20.88
2018-11-08,20.87
2018-11-07,20.44
2018-11-06,20.37
2018-11-05,20.54
2018-11-02,20.23
2018-11-01,19.53
2018-10-31,19.16
2018-10-30,19.75
2018-10-29,19.75
2018-10-26,19.88
2018-10-25,19.91
2018-10-24,20.01
2018-10-23,20.33
2018-10-22,19.78
2018-10-19,19.78
2018-10-18,19.92
2018-10-17,19.81
2018-10-16,19.79
2018-10-15,19.79
2018-10-12,19.62
2018-10-11,19.71
2018-10-10,20.15
2018-10-09,20.65
2018-10-08,20.77
2018-10-05,20.95
2018-10-04,21.05
2018-10-03,21.14
2018-10-02,21.07
2018-10-01,21.36
2018-09-30,21.33
2018-09-28,20.91
2018-09-27,20.91
2018-09-26,21.43
2018-09-25,21.48
2018-09-24,21.43
2018-09-21,21.1
2018-09-20,21.1
2018-09-19,21
2018-09-18,20.91
2018-09-17,21
2018-09-14,21.04
2018-09-13,20.9
2018-09-12,20.76
2018-09-11,20.83
2018-09-10,21
2018-09-07,21.1
2018-09-06,21.16
2018-09-05,21.18
2018-09-04,21.55
2018-08-31,21.55
2018-08-30,21.64
2018-08-29,21.45
2018-08-28,21.26
2018-08-27,21.26
2018-08-24,21.34
2018-08-23,21.36
2018-08-22,21.27
2018-08-21,21.1
2018-08-20,21.27
2018-08-17,21.27
2018-08-16,21.26
2018-08-15,21.08
2018-08-14,21.01
2018-08-13,21.15
2018-08-10,21.59
2018-08-09,21.66
2018-08-08,21.63
2018-08-07,21.36
2018-08-06,21.42
2018-08-03,21.36
2018-08-02,21.47
2018-08-01,21.72
2018-07-31,21.69
2018-07-30,21.92
2018-07-27,21.92
2018-07-26,22.08
2018-07-25,21.79
2018-07-24,21.7
2018-07-23,21.78
2018-07-20,21.68
2018-07-19,21.67
2018-07-18,21.65
2018-07-17,21.77
2018-07-16,21.73
2018-07-13,21.53
2018-07-12,21.43
2018-07-11,21.46
2018-07-10,21.62
2018-07-09,20.52
2018-07-06,20.3
2018-07-05,20.56
2018-07-03,20.34
2018-07-02,20.67
2018-06-30,20.81
2018-06-29,20.61
2018-06-28,20.76
2018-06-27,20.92
2018-06-26,20.52
2018-06-25,20.85
2018-06-22,21.03
2018-06-21,20.85
2018-06-20,20.67
2018-06-19,21.04
2018-06-18,20.97
2018-06-15,21.45
2018-06-14,21.45
2018-06-13,21.59
2018-06-12,21.78
2018-06-11,21.77
2018-06-08,21.75
2018-06-07,21.78
2018-06-06,21.65
2018-06-05,21.69
2018-06-04,21.68
2018-06-01,21.62
2018-05-31,21.73
2018-05-30,21.6
2018-05-29,22.56
2018-05-25,22.12
2018-05-24,22.12
2018-05-23,22.27
2018-05-22,22.54
2018-05-21,22.62
2018-05-18,22.83
2018-05-17,22.83
2018-05-16,22.63
2018-05-15,23.54
2018-05-14,22.92
2018-05-11,22.92
2018-05-10,22.95
2018-05-09,23.08
2018-05-08,22.86
2018-05-07,23.91
2018-05-04,23.36
2018-05-03,23.36
2018-05-02,23.11
2018-05-01,23.39
2018-04-30,23.31
2018-04-27,23.15
2018-04-26,23.27
2018-04-25,23.27
2018-04-24,23.37
2018-04-23,23.06
2018-04-20,22.97
2018-04-19,22.78
2018-04-18,22.78
2018-04-17,22.78
2018-04-16,22.81
2018-04-13,22.58
2018-04-12,22.71
2018-04-11,22.44
2018-04-10,22.21
2018-04-09,22.06
2018-04-06,22.23
2018-04-05,22.13
2018-04-04,22.44
2018-04-03,22.45
2018-04-02,22.45
2018-03-31,26.2
2018-03-29,26.21
2018-03-28,26.2
2018-03-27,26.4
2018-03-26,26.38
2018-03-23,26.42
2018-03-22,26.42
2018-03-21,25.94
2018-03-20,26.11
2018-03-19,26.61
2018-03-16,26.82
2018-03-15,26.82
2018-03-14,26.59
2018-03-13,26.85
2018-03-12,26.8
2018-03-09,26.8
2018-03-08,26.8
2018-03-07,26.8
2018-03-06,26.49
2018-03-05,26.28
2018-03-02,26.4
2018-03-01,26.4
2018-02-28,26.97
2018-02-27,26.21
2018-02-26,26.21
2018-02-23,26.21
2018-02-22,26.21
2018-02-21,26.21
2018-02-20,26.07
2018-02-16,26.07
2018-02-15,26.07
2018-02-14,25.23
2018-02-13,25.65
2018-02-12,26.85
2018-02-09,28.02
2018-02-08,28.48
2018-02-07,29.07
2018-02-06,28.99
2018-02-05,28.83
2018-02-02,30.3
2018-02-01,28.6
2018-01-31,29.59
2018-01-30,29.82
2018-01-29,29.45
2018-01-26,28.98
2018-01-25,29.87
2018-01-24,30.12
2018-01-23,29.73
2018-01-22,28.34
2018-01-19,27.67
2018-01-18,27.33
2018-01-17,26.93
2018-01-16,26.48
2018-01-12,26.46
2018-01-11,26.71
2018-01-10,26.56
2018-01-09,26.56
2018-01-08,26.71
2018-01-05,26.51
2018-01-04,26.25
2018-01-03,26.23
2018-01-02,25.88
2017-12-31,26.17
2017-12-29,26.12
2017-12-28,26.05
2017-12-27,25.93
2017-12-26,26
2017-12-22,25.94
2017-12-21,26
2017-12-19,26.09
2017-12-18,26.17
2017-12-15,26.36
2017-12-14,26.18
2017-12-13,26.43
2017-12-12,26.56
2017-12-11,26.35
2017-12-06,25.93
2017-12-05,26.17
2017-12-04,26.05
2017-12-01,26.34
2017-11-30,26.28
2017-11-29,26.38
2017-11-28,26.64
2017-11-27,26.4
2017-11-22,26.31
2017-11-21,27.42
2017-11-20,26.02
2017-11-17,25.8
2017-11-16,26.2
2017-11-15,26.29
2017-11-14,27.17
2017-11-09,26.75
2017-11-08,27.27
2017-11-06,27.26
2017-11-03,26.94
2017-11-02,26.71
2017-11-01,26.58
2017-10-31,26.68
2017-10-30,26.47
2017-10-27,26.12
2017-10-26,26.04
2017-10-25,26.29
2017-10-24,26.72
2017-10-23,26.51
2017-10-20,26.52
2017-10-19,26.65
2017-10-18,26.76
2017-10-16,26.71
2017-10-12,26.58
2017-10-11,26.41
2017-10-10,26.16
2017-10-09,26.16
2017-10-06,26.1
2017-10-05,25.79
2017-10-03,26.12
2017-10-02,25.75
2017-09-30,26.44
2017-09-29,26.76
2017-09-28,26.25
2017-09-27,27.04
2017-09-26,26.67
2017-09-25,26.67
2017-09-22,26.83
2017-09-21,27.22
2017-09-20,26.65
2017-09-19,26.87
2017-09-18,26.67
2017-09-14,26.57
2017-09-13,26.91
2017-09-12,26.86
2017-09-08,27.01
2017-09-07,26.76
2017-09-06,27.03
2017-09-05,27.01
2017-09-01,26.92
2017-08-31,26.27
2017-08-30,26.69
2017-08-29,26.9
2017-08-28,26.34
2017-08-25,26.41
2017-08-24,26.39
2017-08-22,26.57
2017-08-21,26.33
2017-08-18,26.44
2017-08-17,26.76
2017-08-16,26.78
2017-08-15,26.81
2017-08-14,26.75
2017-08-11,26.67
2017-08-10,26.64
2017-08-09,26.72
2017-08-08,26.81
2017-08-07,26.8
2017-08-04,26.97
2017-08-03,26.98
2017-08-02,27.03
2017-07-28,26.79
2017-07-27,26.81
2017-07-26,26.72
2017-07-25,26.54
2017-07-24,26.7
2017-07-21,26.67
2017-07-20,26.67
2017-07-18,26.55
2017-07-17,26.35
2017-07-14,26.06
2017-07-13,25.91
2017-07-12,25.73
2017-07-11,25.82
2017-07-10,26.05
2017-07-07,25.72
2017-07-06,25.9
2017-07-05,25.8
2017-07-03,25.91
2017-06-30,26.71
2017-06-29,26.6
2017-06-28,26.27
2017-06-27,26.45
2017-06-26,26.33
2017-06-23,26.42
2017-06-22,26.37
2017-06-21,26.29
2017-06-20,26.12
2017-06-19,25.92
2017-06-16,26.01
2017-06-15,26.11
2017-06-14,26.35
2017-06-12,26.32
2017-06-09,26.25
2017-06-08,26.09
2017-06-07,25.99
2017-06-06,26.04
2017-06-05,26.07
2017-06-02,26.03
2017-06-01,25.94
2017-05-31,26.24
2017-05-30,26.37
2017-05-26,26.4
2017-05-25,26.55
2017-05-24,26.31
2017-05-23,25.86
2017-05-22,25.7
2017-05-19,25.78
2017-05-18,25.8
2017-05-16,25.8
2017-05-15,25.85
2017-05-12,26.04
2017-05-10,26.05
2017-05-09,26.07
2017-05-08,26.08
2017-05-05,26.16
2017-05-04,26.44
2017-05-03,26.4
2017-05-02,26.28
2017-05-01,26.35
2017-04-28,26.51
2017-04-27,26.63
2017-04-25,26.52
2017-04-24,26.4
2017-04-21,26.3
2017-04-20,26.13
2017-04-19,26.62
2017-04-17,26.5
2017-04-13,26.68
2017-04-12,26.57
2017-04-11,26.6
2017-04-10,26.89
2017-04-07,26.93
2017-04-06,26.99
2017-04-05,27.27
2017-04-04,27.24
2017-03-31,24.64
2017-03-29,24.52
2017-03-28,24.2
2017-03-27,23.88
2017-03-24,23.79
2017-03-23,23.73
2017-03-22,24.12
2017-03-21,24.02
2017-03-17,24.15
2017-03-16,23.37
2017-03-15,23.88
2017-03-13,23.23
2017-03-10,23.24
2017-03-09,23.45
2017-03-07,23.3
2017-03-06,23.76
2017-02-28,23.47
2017-02-24,23.58
2017-02-23,24.06
2017-02-22,23.82
2017-02-17,23.32
2017-02-16,23.44
2017-02-15,23.88
2017-02-14,23.83
2017-02-13,23.84
2017-02-10,23.46
2017-02-09,23.72
2017-02-06,23.66
2017-02-03,23.48
2017-02-02,22.87
2017-01-31,23.14
2017-01-30,22.99
2017-01-27,23.38
2017-01-26,23.42
2017-01-25,23.34
2017-01-24,23.45
2017-01-23,23.58
2017-01-20,22.95
2017-01-19,22.66
2017-01-18,23.17
2017-01-17,22.62
2017-01-13,22.39
2017-01-12,22.24
2017-01-11,22.29
2017-01-10,22.48
2017-01-09,22.16
2017-01-06,22.5
2017-01-05,22.08
2017-01-04,21.96
2017-01-03,22.32
2016-12-31,22.59
2016-12-30,22.25
2016-12-29,21.58
2016-12-28,22.26
2016-12-27,22.36
2016-12-23,22.17
2016-12-22,22.59
2016-12-21,22.42
2016-12-20,22.34
2016-12-19,22.57
2016-12-16,22.91
2016-12-15,23.09
2016-12-14,23.46
2016-12-13,23.54
2016-12-12,23.12
2016-12-09,23.52
2016-12-08,23.12
2016-12-07,23.27
2016-12-06,22.61
2016-12-05,22.54
2016-12-02,22.8
2016-12-01,22.39
2016-11-30,22.29
2016-11-29,22.37
2016-11-28,22.29
2016-11-25,22.29
2016-11-23,22.29
2016-11-22,22.5
2016-11-21,22.14
2016-11-18,21.61
2016-11-17,22.22
2016-11-16,21.97
2016-11-15,22.18
2016-11-14,21.91
2016-11-11,22.86
2016-11-10,23.03
2016-11-09,22.48
2016-11-08,22.46
2016-11-07,22.46
2016-11-04,22.8
2016-11-03,22.51
2016-11-02,22.46
2016-11-01,22.46
2016-10-31,22.97
2016-10-28,23.35
2016-10-26,23.4
2016-10-25,23.03
2016-10-24,23.07
2016-10-21,22.86
2016-10-20,23.31
2016-10-19,23.13
2016-10-18,22.91
2016-10-17,23.43
2016-10-14,23.66
2016-10-13,23.73
2016-10-11,24.04
2016-10-10,24.05
2016-10-07,24.13
2016-10-03,24.2
2016-09-30,23.04
2016-09-29,23.04
2016-09-28,23.18
2016-09-27,23.53
2016-09-26,23.52
2016-09-23,23.97
2016-09-22,23.87
2016-09-21,23.54
2016-09-20,23.49
2016-09-19,23.41
2016-09-16,23.39
2016-09-15,23.43
2016-09-14,23.44
2016-09-13,23.68
2016-09-12,23.84
2016-09-09,24.28
2016-09-08,24.39
2016-09-07,24.53
2016-09-06,23.97
2016-09-02,23.82
2016-09-01,23.91
2016-08-30,24.03
2016-08-29,24.15
2016-08-26,24.17
2016-08-24,24.17
2016-08-23,24.19
2016-08-22,24.36
2016-08-18,24.16
2016-08-17,24.07
2016-08-16,24.25
2016-08-12,24.15
2016-08-11,24.49
2016-08-10,24.53
2016-08-08,24.4
2016-08-05,24.5
2016-08-04,23.71
2016-08-03,24.52
2016-08-01,24.3
2016-07-29,24.44
2016-07-28,24.31
2016-07-27,24.08
2016-07-25,24.34
2016-07-22,24.39
2016-07-21,24.49
2016-07-20,25.01
2016-07-18,24.43
2016-07-15,24.95
2016-07-14,24.98
2016-07-13,24.81
2016-07-12,24.31
2016-07-08,24.25
2016-07-07,24.54
2016-07-06,24.04
2016-07-05,24.32
2016-07-01,24.55
2016-06-30,22.82
2016-06-29,22.49
2016-06-28,21.67
2016-06-27,21.9
2016-06-24,22.8
2016-06-23,22.69
2016-06-22,22.81
2016-06-20,22.39
2016-06-16,22.56
2016-06-15,22.51
2016-06-14,22.68
2016-06-13,21.98
2016-06-10,23.12
2016-06-09,23.01
2016-06-08,22.7
2016-06-07,23.17
2016-06-06,23.05
2016-06-03,22.69
2016-06-02,22.64
2016-06-01,22.78
2016-05-31,22.67
2016-05-25,22.57
2016-05-24,22.21
2016-05-23,21.82
2016-05-19,22
2016-05-18,22.31
2016-05-17,22.36
2016-05-16,22.04
2016-05-13,22.27
2016-05-11,22.24
2016-05-10,22.43
2016-05-09,22.12
2016-05-06,22.27
2016-05-05,22.19
2016-05-04,22.47
2016-05-03,22.75
2016-05-02,22.61
2016-04-29,23.23
2016-04-28,24.09
2016-04-27,23.34
2016-04-26,23.44
2016-04-21,23.74
2016-04-20,24.27
2016-04-18,23.88
2016-04-14,23.84
2016-04-13,23.83
2016-04-12,22.91
2016-04-11,22.94
2016-04-08,22.89
2016-04-07,23.11
2016-04-06,23.38
2016-04-05,23.86
2016-04-04,24.05
2016-03-31,23.93
2016-03-30,23.23
2016-03-29,22.09
2016-03-28,23.13
2016-03-23,22.44
2016-03-22,23.56
2016-03-21,23.78
2016-03-17,22.89
2016-03-16,22.53
2016-03-15,22.86
2016-03-14,23.03
2016-03-11,22.5
2016-03-10,22.53
2016-03-09,22.28
2016-03-08,22.59
2016-03-04,21.93
2016-03-03,21.21
2016-03-02,21.32
2016-03-01,20.85
2016-02-29,20.53
2016-02-26,20.32
2016-02-25,20.45
2016-02-24,21.32
2016-02-23,21.08
2016-02-22,21.03
2016-02-19,20.95
2016-02-18,20.79
2016-02-17,20.65
2016-02-16,20.15
2016-02-12,19.7
2016-02-11,19.56
2016-02-10,20.08
2016-02-09,20.59
2016-02-05,19.78
2016-02-04,19.92
2016-02-03,19.28
2016-02-02,19.83
2016-02-01,19.75
2016-01-29,19.26
2016-01-28,19.13
2016-01-27,19.3
2016-01-26,19.3
2016-01-25,19.26
2016-01-22,19.01
2016-01-21,18.39
2016-01-20,19.16
2016-01-19,18.86
2016-01-15,19.43
2016-01-14,19.83
2016-01-13,20.11
2016-01-12,20.39
2016-01-11,20.48
2016-01-08,20.45
2016-01-07,21
2016-01-06,20.91
2016-01-05,21.04
2016-01-04,22.06
2015-12-31,21.3
2015-12-30,21.45
2015-12-29,21.29
2015-12-28,21.35
2015-12-24,21.35
2015-12-23,21.42
2015-12-22,21.43
2015-12-21,21
2015-12-18,21.25
2015-12-16,21.03
2015-12-15,20.53
2015-12-14,20.37
2015-12-11,20.61
2015-12-10,20.47
2015-12-09,20.72
2015-12-08,20.91
2015-12-07,21.32
2015-12-04,21.06
2015-12-03,20.79
2015-12-02,20.99
2015-12-01,21.32
2015-11-25,21.18
2015-11-24,21.11
2015-11-23,21.56
2015-11-20,21.42
2015-11-19,20.63
2015-11-18,21.03
2015-11-17,20.91
2015-11-16,20.28
2015-11-13,21.09
2015-11-12,20.95
2015-11-11,20.89
2015-11-10,20.95
2015-11-09,21.44
2015-11-06,20.98
2015-11-03,20.64
2015-11-02,20.85
2015-10-30,20.56
2015-10-29,21.16
2015-10-28,21.43
2015-10-27,21.87
2015-10-26,21.27
2015-10-22,20.99
2015-10-21,21.02
2015-10-20,20.91
2015-10-19,21.61
2015-10-16,21.48
2015-10-15,20.5
2015-10-13,21.39
2015-10-12,21.15
2015-10-09,21.29
2015-10-07,20.54
2015-10-06,20.22
2015-10-05,19.42
2015-10-02,19.43
2015-09-30,20.46
2015-09-29,20.11
2015-09-28,20.85
2015-09-25,20.78
2015-09-23,21.01
2015-09-22,21.8
2015-09-21,22
2015-09-18,22.28
2015-09-17,22.2
2015-09-16,21.79
2015-09-15,22
2015-09-14,21.44
2015-09-11,21.65
2015-09-10,21.29
2015-09-09,20.94
2015-09-08,20.32
2015-09-04,20.81
2015-09-03,20.7
2015-09-02,20.53
2015-09-01,20.9
2015-08-31,21.6
2015-08-28,22.18
2015-08-27,21.16
2015-08-26,21.13
2015-08-25,20.42
2015-08-24,21.56
2015-08-21,21.31
2015-08-20,21.53
2015-08-19,21.62
2015-08-18,22
2015-08-17,21.92
2015-08-14,21.96
2015-08-13,21.59
2015-08-12,21.77
2015-08-11,22.4
2015-08-10,22.69
2015-08-05,22.99
2015-08-04,23.58
2015-07-31,23.73
2015-07-30,24.55
2015-07-29,24.05
2015-07-28,24.3
2015-07-27,25.07
2015-07-24,24.97
2015-07-23,25.36
2015-07-21,24.93
2015-07-17,24.95
2015-07-16,24.62
2015-07-14,25.14
2015-07-13,24.79
2015-07-10,24.3
2015-07-09,24.57
2015-07-07,24.12
2015-07-06,23.95
2015-07-02,24.78
2015-07-01,23.71
2015-06-30,24.15
2015-06-29,24.49
2015-06-25,24.38
2015-06-24,24.64
2015-06-23,24.85
2015-06-18,24.79
2015-06-17,24.82
2015-06-11,24.87
2015-06-10,24.97
2015-06-04,25.61
2015-06-03,25.62
2015-06-02,26.25
2015-06-01,25.92
2015-05-29,27.17
2015-05-28,27.29
2015-05-26,27.47
2015-05-22,27.68
2015-05-19,28.04
2015-05-18,27.96
2015-05-15,28.08
2015-05-14,27.46
2015-05-12,26.75
2015-05-11,27.38
2015-05-08,26.94
2015-05-07,26.59
2015-05-06,26.88
2015-05-04,26.75
2015-05-01,26.53
2015-04-30,26.54
2015-04-29,27.03
2015-04-28,26.64
2015-04-27,26.89
2015-04-22,25.73
2015-04-20,25.54
2015-04-17,26.19
2015-04-16,25.35
2015-04-13,24.51
2015-04-08,24.87
2015-04-07,24.58
2015-04-06,24.99
2015-04-02,25.13
2015-04-01,24.76
2015-03-31,25.25
2015-03-30,25.52
2015-03-27,25.12
2015-03-23,23.91
2015-03-16,23.42
2015-03-13,24.59
2015-03-12,25.35
2015-03-04,25.8
2015-03-03,25.85
2015-02-27,26.38
2015-02-24,26.49
2015-02-23,26.13
2015-02-18,25.58
2015-02-09,24.99
2015-02-04,25.17
2015-02-03,25.7
2015-01-28,25.94
2015-01-27,25.46
2015-01-26,25.69
2015-01-23,25.42
2015-01-21,24.74
2015-01-05,26.44
